{
  "versions": [
    {
      "git-tree": "d33e796f2c898b89720bf55e28d836f5cab1db75",
      "version": "2.3.3",
      "port-version": 0
    },
    {
      "git-tree": "4b254a4139e2d70522a90a640601abdd97cdbce3",
      "version-string": "2.3.1",
      "port-version": 1
    },
    {
      "git-tree": "2db2d9f6afa63b919c6112b56d39b4609370fa4e",
      "version-string": "2.3.1",
      "port-version": 0
    },
    {
      "git-tree": "68e4b015ee77987c65b8910ba99a7e0f7743834f",
      "version-string": "2.3.0",
      "port-version": 0
    }
  ]
}
