{
  "versions": [
    {
      "git-tree": "0e2e8b9a3b236e9777fb4a549162c4030c11460b",
      "version-semver": "2.0.0",
      "port-version": 4
    },
    {
      "git-tree": "454c93c4ef93d7661b8bf6743996167f921b687f",
      "version-semver": "2.0.0",
      "port-version": 3
    },
    {
      "git-tree": "22f6d4e1405162f02c4d25e742fcf0dcc0503146",
      "version-semver": "2.0.0",
      "port-version": 2
    },
    {
      "git-tree": "3ba07fcecec6bf9298a04b064411601043d98bd7",
      "version-string": "2.0.0-1",
      "port-version": 0
    },
    {
      "git-tree": "62ec45caeac82376e4c17f5dc26203ee200dcf5b",
      "version-string": "2.0.0",
      "port-version": 0
    }
  ]
}
