{
  "versions": [
    {
      "git-tree": "fe6e49016a6f15bc04e04727f2e4712e75625425",
      "version-date": "2021-03-01",
      "port-version": 4
    },
    {
      "git-tree": "6f9e8452934bac3542907f50fd466a34e44b3fdc",
      "version-date": "2021-03-01",
      "port-version": 3
    },
    {
      "git-tree": "0d6c7a328006bca59755eec70c09a83fe9b1a087",
      "version-date": "2021-03-01",
      "port-version": 2
    },
    {
      "git-tree": "a31df110bd09d7f49eec0cc5e7f19799ab83564a",
      "version-date": "2021-03-01",
      "port-version": 1
    },
    {
      "git-tree": "1f456f57b63fe4e73605d2b2b5827aa4db385438",
      "version-date": "2021-03-01",
      "port-version": 0
    }
  ]
}
