{
  "versions": [
    {
      "git-tree": "e65762bfef05a4d380bb171409c48a694fb35435",
      "version-date": "2022-06-30",
      "port-version": 0
    },
    {
      "git-tree": "ffe13ab59e3e2f4f003498035bc1fbc06b64e164",
      "version-date": "2022-04-11",
      "port-version": 1
    },
    {
      "git-tree": "f03d459d365b604decb720f7da79b3f7d7127670",
      "version-date": "2022-04-11",
      "port-version": 0
    },
    {
      "git-tree": "e429a4c957711115ea1b795327843acb05fc8b29",
      "version-date": "2022-02-12",
      "port-version": 0
    }
  ]
}
