{
  "versions": [
    {
      "git-tree": "82e22019ae07b7150c3fb2a8672d4192eed2782c",
      "version-date": "2023-03-22",
      "port-version": 0
    },
    {
      "git-tree": "993a25e3e7a43175fb3d7d4981bc3e0de1f65c32",
      "version-date": "2022-11-16",
      "port-version": 0
    },
    {
      "git-tree": "546491787b275bfae887457a5eb17a7b502ae891",
      "version-date": "2022-05-10",
      "port-version": 1
    },
    {
      "git-tree": "7f5f5955d901ed2c7caac9e3681d23338d8fe845",
      "version-date": "2022-05-10",
      "port-version": 0
    },
    {
      "git-tree": "5096e32d02b21d8f2546edf3829cbb8ee2d50425",
      "version-date": "2022-02-14",
      "port-version": 0
    },
    {
      "git-tree": "1b1cd1cfcca489897822287c15af473fa4380cb1",
      "version-date": "2021-10-23",
      "port-version": 0
    }
  ]
}
