{
  "versions": [
    {
      "git-tree": "d8ae9112b64ac005ccb493693bf4f5f9f8753355",
      "version-date": "2020-07-10",
      "port-version": 3
    },
    {
      "git-tree": "2d4ca95a246089f7b15bcbfc6d8e74e364f5f867",
      "version-string": "2020-07-10",
      "port-version": 2
    },
    {
      "git-tree": "2ae1b6f9b25f1b72e71b824f995c521f71a6081b",
      "version-string": "2020-07-10",
      "port-version": 1
    },
    {
      "git-tree": "be0ba46516781391acfb5a54ab75e085fa53e3a7",
      "version-string": "2020-07-10",
      "port-version": 0
    }
  ]
}
