{
  "versions": [
    {
      "git-tree": "0b1961a45b266c648b63febbe13d717ec65007c3",
      "version": "1.3.233",
      "port-version": 1
    },
    {
      "git-tree": "1a140486e53637d3cddbf7ae5052a871e489cb8b",
      "version": "1.3.233",
      "port-version": 0
    },
    {
      "git-tree": "c3c879b8f9516e71bcad0365c64b9c993ec6b254",
      "version": "1.3.204",
      "port-version": 1
    },
    {
      "git-tree": "83175cabc17042125828c2e0230f75b60d140cc0",
      "version": "1.3.204",
      "port-version": 0
    },
    {
      "git-tree": "0018a72c45ad8b5f9776d41ff067292b73cb7a31",
      "version-string": "2019-09-26",
      "port-version": 1
    },
    {
      "git-tree": "9e40bb5aadc282b6738223dbddbe61fc2db964f9",
      "version-string": "2019-09-26",
      "port-version": 0
    },
    {
      "git-tree": "abfe3c79ce18403d5fe7df4229a47b003daeb402",
      "version-string": "2019-09-03",
      "port-version": 0
    }
  ]
}
