{
  "versions": [
    {
      "git-tree": "61fc021c36380e8be0bf1742784dea14c9fe4a97",
      "version": "1.3.231",
      "port-version": 2
    },
    {
      "git-tree": "794ed471d4b90ebb0ecad8adbb2f10fb57a7f0f6",
      "version": "1.3.231",
      "port-version": 1
    },
    {
      "git-tree": "4b9270c54ab5a767a060ec2d10f6b7fc02689d34",
      "version": "1.3.231",
      "port-version": 0
    },
    {
      "git-tree": "0f1e3c5ad864b671b57492c92079e7270bde0558",
      "version": "1.2.203",
      "port-version": 0
    },
    {
      "git-tree": "a3f04aeb70ff80b168cf4e86134c7c61f7d23d62",
      "version-string": "1.2.184",
      "port-version": 1
    },
    {
      "git-tree": "f4ca1555372a398629a4bd1728b6870efb93d674",
      "version-string": "1.2.184",
      "port-version": 0
    },
    {
      "git-tree": "2480b7c83826a22adba9e5fbad769ab547285818",
      "version-string": "2019-05-11-1",
      "port-version": 0
    },
    {
      "git-tree": "f03225bb8e8b8ec20a1b79d113abc3195ed7edd1",
      "version-string": "2019-05-11",
      "port-version": 0
    }
  ]
}
