{
  "versions": [
    {
      "git-tree": "dfa73b7b224977c60e757cd9eaa286c6db2bd90d",
      "version-string": "gamma-2018-01-27",
      "port-version": 6
    },
    {
      "git-tree": "c81bf8a72f815cb3feaf26e0f8e82032bdb62e88",
      "version-string": "gamma-2018-01-27",
      "port-version": 5
    },
    {
      "git-tree": "335e66b704d42844b1fef58f31a05545aec2e328",
      "version-string": "gamma-2018-01-27",
      "port-version": 4
    },
    {
      "git-tree": "69d699310fe2e651e63668d194c19dfae5fd9376",
      "version-string": "gamma-2018-01-27",
      "port-version": 3
    },
    {
      "git-tree": "5ce812228d6667a97bff96462c591eec32184cc9",
      "version-string": "gamma-2018-01-27",
      "port-version": 2
    },
    {
      "git-tree": "fd6472b7d487872812477d84d19e0a4565ebc890",
      "version-string": "gamma-2018-01-27-1",
      "port-version": 0
    },
    {
      "git-tree": "47a2badd9e413049c3b2e0c63e150768fb19665a",
      "version-string": "gamma-2018-01-27",
      "port-version": 0
    }
  ]
}
