{
  "versions": [
    {
      "git-tree": "f6963a5230e144f34c86f0b846d028567859449f",
      "version-date": "2018-01-04",
      "port-version": 4
    },
    {
      "git-tree": "70bdc4eeb2b24a5b03dcd34b2a2d507a96e23d7e",
      "version-date": "2018-01-04",
      "port-version": 3
    },
    {
      "git-tree": "50bd4cd06666ebc284bb8d8157057c5a451bc11d",
      "version-date": "2018-01-04",
      "port-version": 2
    },
    {
      "git-tree": "2425692b7bd94282d858e19c2a1360c274cb3e4c",
      "version-string": "2018-01-04",
      "port-version": 1
    },
    {
      "git-tree": "e8163bf2d3dc55fc60058bccc216f37af6451796",
      "version-string": "2018-01-04",
      "port-version": 0
    }
  ]
}
