{
  "versions": [
    {
      "git-tree": "2649a6e046a3e72681606d14a091512447aade75",
      "version": "3.9",
      "port-version": 0
    },
    {
      "git-tree": "ed816520f117cff22add4e76969c0769f9655d43",
      "version": "3.8",
      "port-version": 2
    },
    {
      "git-tree": "f9b1a18f0cadf69936ab62911f4d86fdb565c693",
      "version": "3.8",
      "port-version": 1
    },
    {
      "git-tree": "c49a4b2acb6f902afde98571c97ef6c8358d2c89",
      "version-string": "3.8",
      "port-version": 0
    },
    {
      "git-tree": "a162e312a990029cf2895fdee2028e5fe07353bc",
      "version-string": "3.7",
      "port-version": 0
    },
    {
      "git-tree": "c2245141128ba0910d36e4ff7f92e7cd282409f7",
      "version-string": "3.8",
      "port-version": 0
    },
    {
      "git-tree": "d4ba6c5f7307420e38b93e0fe132bd899b7304fa",
      "version-string": "3.7-1",
      "port-version": 0
    },
    {
      "git-tree": "e0c6be6d920d8f2efbef8a58736cb6278692d6cd",
      "version-string": "3.7",
      "port-version": 0
    }
  ]
}
