{
  "versions": [
    {
      "git-tree": "b604fb24c9b81bf4bc5c30e7ca86e52750a86935",
      "version": "1.7.0",
      "port-version": 3
    },
    {
      "git-tree": "877301bc39a398579f0f3f13725afcd4bcd797c4",
      "version": "1.7.0",
      "port-version": 2
    },
    {
      "git-tree": "3fc05946f698399983a44d1c9a173df743c7bacf",
      "version": "1.7.0",
      "port-version": 1
    },
    {
      "git-tree": "fd966770afa413f4502ba69f0c2e0a860b08f967",
      "version": "1.7.0",
      "port-version": 0
    },
    {
      "git-tree": "d6c0d2d8c997256eff5049eb3fa3447a5387d2f9",
      "version-string": "1.6.0",
      "port-version": 2
    },
    {
      "git-tree": "b01f8f51c6a395b7a7d44f772bec78a0445e51d6",
      "version-string": "1.6.0",
      "port-version": 1
    },
    {
      "git-tree": "2ad34d7694f942b2967d6c88acfde707c27f9bb5",
      "version-string": "1.6.0",
      "port-version": 0
    }
  ]
}
