{
  "versions": [
    {
      "git-tree": "ba541c1ce4012fae6dfdf34021b03d7253235b24",
      "version": "0",
      "port-version": 3
    },
    {
      "git-tree": "be2552adc01c2ba30044325925f7348121de5c3d",
      "version-string": "0",
      "port-version": 2
    },
    {
      "git-tree": "81815a8f433219e332659e07204f90df381a28a7",
      "version-string": "0",
      "port-version": 1
    },
    {
      "git-tree": "41acbc45d9d32b8e0dfdb758169e2184e18a8c04",
      "version-string": "0",
      "port-version": 0
    },
    {
      "git-tree": "2a197d631bf961f9d1d87d5fcdbd6406814321c8",
      "version-string": "0.1",
      "port-version": 0
    }
  ]
}
