{
  "versions": [
    {
      "git-tree": "fe60168d31fea0898c1282a01d8fddead9af6bd7",
      "version": "1.2.6",
      "port-version": 0
    },
    {
      "git-tree": "ccae5c60306415e7f7bd44e4ebb91b972b550c10",
      "version": "1.2.3",
      "port-version": 0
    },
    {
      "git-tree": "16c37a75de3f8e60dca6acec5bb868b869cb7e76",
      "version": "1.2.2",
      "port-version": 0
    },
    {
      "git-tree": "e4e6b08e9aa73b948606044ed5c5c95c471a8f1f",
      "version": "1.2.1",
      "port-version": 0
    }
  ]
}
