{
  "versions": [
    {
      "git-tree": "c1dc7145f2a0607798bfdaede7bf064b88e908ac",
      "version": "3.1",
      "port-version": 5
    },
    {
      "git-tree": "2fd0763af6d1af5d123d81c77fe9062d33b3e918",
      "version": "3.1",
      "port-version": 4
    },
    {
      "git-tree": "15455ef99f1ce92d079d047e90fc486c098c6b18",
      "version": "3.1",
      "port-version": 3
    },
    {
      "git-tree": "b8854df263b141671e3463bb19ca258cf0c641d2",
      "version-string": "3.1",
      "port-version": 2
    },
    {
      "git-tree": "a88953c10ae0ac1312b9bf79bf0bc4feaaf124fc",
      "version-string": "3.1-1",
      "port-version": 0
    }
  ]
}
