{
  "versions": [
    {
      "git-tree": "0840bfaf247735ffd902de5536b4ce2f411a77e3",
      "version-date": "2019-09-02",
      "port-version": 5
    },
    {
      "git-tree": "f6296ad4ccaeca6a3f7747fc173c78cb8f21b095",
      "version-date": "2019-09-02",
      "port-version": 4
    },
    {
      "git-tree": "cc4a899d2089a6a683a2cbc8fc5ab6dae3fc45de",
      "version-date": "2019-09-02",
      "port-version": 3
    },
    {
      "git-tree": "7bf526ef5e6a6a1dfb5fa4cb6941e415b64b94b3",
      "version-date": "2019-09-02",
      "port-version": 2
    },
    {
      "git-tree": "e9062481bd1f6c7f7cac6bfabe0252f862730efc",
      "version-string": "2019-09-02",
      "port-version": 1
    },
    {
      "git-tree": "ca64f86fb8b7ffd55e935d885d08f50d6271a755",
      "version-string": "2019-09-02",
      "port-version": 0
    }
  ]
}
