{
  "versions": [
    {
      "git-tree": "247c12c09e9766df6a90a8a45dad08320f4e0493",
      "version": "1.3.14",
      "port-version": 3
    },
    {
      "git-tree": "a2078beaafe054dd4f6bd162af48de28f3f9194c",
      "version-string": "1.3.14",
      "port-version": 2
    },
    {
      "git-tree": "544016171b9bf0c28449d96cfa9ccebdb3c1aecb",
      "version-string": "1.3.14",
      "port-version": 1
    },
    {
      "git-tree": "e5e37f083538f0e7390369a399e8ce2a32810b00",
      "version-string": "1.3.14",
      "port-version": 0
    },
    {
      "git-tree": "8e3cde3e79154188035d3161023d71341f4077c3",
      "version-string": "1.3.13",
      "port-version": 0
    },
    {
      "git-tree": "3153fda2f03d6f82711164d38eafe5646d2e0fe7",
      "version-string": "1.3.12-1",
      "port-version": 0
    },
    {
      "git-tree": "0c442b8a43aa78930ab5c98c0fcd7b1a810935bd",
      "version-string": "1.3.12",
      "port-version": 0
    },
    {
      "git-tree": "5bd373f9ec9664b5da0ae5ba0cb4f2ab16f74866",
      "version-string": "1.3.10",
      "port-version": 0
    }
  ]
}
