{
  "versions": [
    {
      "git-tree": "abffc31a5c8762671618bdca4bbcd620e171f6d1",
      "version": "1.10.8",
      "port-version": 2
    },
    {
      "git-tree": "e8c7b10cc1bdcca2e09b0f42da6ad645699680a9",
      "version": "1.10.8",
      "port-version": 1
    },
    {
      "git-tree": "79dd231d51d71f5e0d49fbea65d88e0c1a8eb6fc",
      "version": "1.10.8",
      "port-version": 0
    },
    {
      "git-tree": "a55f155dd8a61f69cfd04bc85fcbb7bba5efcaed",
      "version": "1.10.2",
      "port-version": 3
    },
    {
      "git-tree": "35d8f02c154c44312abd824ba408d52855dbf138",
      "version": "1.10.2",
      "port-version": 2
    },
    {
      "git-tree": "1cd3ae48053d2f9b26c2ee6e2e01a413ea6bd0d2",
      "version": "1.10.2",
      "port-version": 1
    },
    {
      "git-tree": "002959491c215c722047465a93b05d078d743864",
      "version-string": "1.10.2",
      "port-version": 0
    }
  ]
}
