{
  "versions": [
    {
      "git-tree": "e9e63e49ac6c8ade89bf2df6bf73bb32f3b18f9b",
      "version": "4.10.0",
      "port-version": 1
    },
    {
      "git-tree": "5bede7b8a7ab28981640b17d73708e710c5e8701",
      "version": "4.10.0",
      "port-version": 0
    },
    {
      "git-tree": "c20c4893b7e0aada402db3895d38d840123ae8c5",
      "version": "4.6.0",
      "port-version": 2
    },
    {
      "git-tree": "8adcadbba0b316ce33796f84c2fe878c9f2cfa94",
      "version": "4.6.0",
      "port-version": 1
    },
    {
      "git-tree": "f39d8f061ae7242baf2b1b78b76253b2ee21c936",
      "version": "4.6.0",
      "port-version": 0
    },
    {
      "git-tree": "8e30c6169ae3b7778ba17649312e6fc064fe1b43",
      "version": "4.4.0",
      "port-version": 1
    },
    {
      "git-tree": "9d316a91086b6f8ccd32e422abc4dd5083eb22c2",
      "version": "4.4.0",
      "port-version": 0
    },
    {
      "git-tree": "1c78f4d8d6a4375808cd69668375088c5b578e65",
      "version": "4.0.1",
      "port-version": 1
    },
    {
      "git-tree": "14e153bf596fcdfa4376218e20d2a140f33bae8e",
      "version": "4.0.1",
      "port-version": 0
    },
    {
      "git-tree": "9ba1569a4f12bb1a9aab5fe14c6f6ae23cea20f8",
      "version": "4.0.0",
      "port-version": 0
    },
    {
      "git-tree": "3db7e5662e816c4a10a625f31a4aa77b2331b2fd",
      "version-string": "3.22.2",
      "port-version": 5
    },
    {
      "git-tree": "6b0cb028ccbdeb67852ac3a92861df4fb9bcb3b7",
      "version-string": "3.22.2",
      "port-version": 4
    },
    {
      "git-tree": "f6f5771fe15afab22c0fe2c9edf046b068d0f675",
      "version-string": "3.22.2-2",
      "port-version": 0
    },
    {
      "git-tree": "4278800454ac2d95bb2eb13925c9e2586db61426",
      "version-string": "3.22.2-1",
      "port-version": 0
    },
    {
      "git-tree": "4ceb1e90e6f6f9a6ea0fcc1491ff35e92f0ca6c9",
      "version-string": "3.22.2",
      "port-version": 0
    }
  ]
}
