<?xml version="1.0"?>
<tools version="2">
    <tool name="python3" os="windows">
        <version>3.10.7</version>
        <exeRelativePath>python.exe</exeRelativePath>
        <url>https://www.python.org/ftp/python/3.10.7/python-3.10.7-embed-win32.zip</url>
        <sha512>a69445906a909ce5f2554c544fe4251a8ab9c5028b531975b8c78fa8e98295b2bf06e1840f346a3c0edf485a7792c40c9d318bffd36b9c7829ac72b7cf8697bc</sha512>
        <archiveName>python-3.10.7-embed-win32.zip</archiveName>
    </tool>
    <tool name="python3_with_venv" os="windows">
        <version>3.10.7</version>
        <exeRelativePath>tools\python.exe</exeRelativePath>
        <url>https://www.nuget.org/api/v2/package/python/3.10.7</url>
        <sha512>dc763c4f3e9594619173a99740a6b54686c768c240efe316d4d3f8914383bd06420c0802781baf983ea840c49412b8330c1af93f31d2c73eb0ea22a55e71aa13</sha512>
        <archiveName>python-3.10.7.nupkg.zip</archiveName>
    </tool>
    <tool name="cmake" os="windows">
        <version>3.25.1</version>
        <exeRelativePath>cmake-3.25.1-windows-i386\bin\cmake.exe</exeRelativePath>
        <url>https://github.com/Kitware/CMake/releases/download/v3.25.1/cmake-3.25.1-windows-i386.zip</url>
        <sha512>4a84abdb53781178a99046aa09cf6a6b2bfe159d6b6bbdd2449839d2f50b872b4cc783c44774343b6122ec9400bcfdec65fffd4a246575ba55d178bc180f6adc</sha512>
        <archiveName>cmake-3.25.1-windows-i386.zip</archiveName>
    </tool>
    <tool name="cmake" os="osx">
        <version>3.25.1</version>
        <exeRelativePath>cmake-3.25.1-macos-universal/CMake.app/Contents/bin/cmake</exeRelativePath>
        <url>https://github.com/Kitware/CMake/releases/download/v3.25.1/cmake-3.25.1-macos-universal.tar.gz</url>
        <sha512>6009ff799ee516c1ca3bf3a31bacdd59fc48f772a03c822f49e1e9b6a6582e64d75c6005a90574539d61b7094dfe36bfe4b4c1560a4fb7d1287be472c0fd146a</sha512>
        <archiveName>cmake-3.25.1-macos-universal.tar.gz</archiveName>
    </tool>
    <tool name="cmake" os="linux">
        <version>3.25.1</version>
        <exeRelativePath>cmake-3.25.1-linux-x86_64/bin/cmake</exeRelativePath>
        <url>https://github.com/Kitware/CMake/releases/download/v3.25.1/cmake-3.25.1-linux-x86_64.tar.gz</url>
        <sha512>df456fafa9e63ab0105a6355cc3f66d0567c43172fb424ba75b364f65c6da100dbb303ddd11abd68b42b3b52a90805dfda36aae2468c64c204446f4befda0c78</sha512>
        <archiveName>cmake-3.25.1-linux-x86_64.tar.gz</archiveName>
    </tool>
    <tool name="cmake" os="freebsd">
        <version>3.20.4</version>
        <exeRelativePath>usr/local/bin/cmake</exeRelativePath>
        <url>https://pkg.freebsd.org/FreeBSD:13:amd64/quarterly/All/cmake-3.20.4.txz</url>
        <sha512>3e5b675d7ff924f92996d912e2365582e687375109ef99c9073fb8196bb329243a406b218cf1358d7cc518988b311ce9e5bf87de4d64f2e6377b7c2bc8894475</sha512>
        <archiveName>cmake-3.20.4.txz</archiveName>
    </tool>
    <tool name="git" os="windows">
        <version>2.7.4</version>
        <exeRelativePath>mingw32\bin\git.exe</exeRelativePath>
        <url>https://github.com/git-for-windows/git/releases/download/v2.35.1.windows.2/PortableGit-2.35.1.2-32-bit.7z.exe</url>
        <sha512>f98df16641a615bbc36c5c319c78abb780d824ff35ed5f2a095e2d5fce2acacfc7f6532c96f1c81d3d3cd8a642858cbd9de0e0e5fcde9ca11e6ad9f6598bb82f</sha512>
        <archiveName>PortableGit-2.35.1.2-32-bit.7z.exe</archiveName>
    </tool>
    <tool name="git" os="linux">
        <version>2.7.4</version>
        <exeRelativePath></exeRelativePath>
        <url></url>
        <sha512></sha512>
    </tool>
    <tool name="git" os="osx">
        <version>2.7.4</version>
        <exeRelativePath></exeRelativePath>
        <url></url>
        <sha512></sha512>
    </tool>
    <tool name="git" os="freebsd">
        <version>2.7.4</version>
        <exeRelativePath></exeRelativePath>
        <url></url>
        <sha512></sha512>
    </tool>
    <tool name="gsutil" os="windows">
        <version>4.65</version>
        <exeRelativePath>google-cloud-sdk\bin\gsutil.cmd</exeRelativePath>
        <url>https://dl.google.com/dl/cloudsdk/channels/rapid/downloads/google-cloud-sdk-347.0.0-windows-x86_64-bundled-python.zip</url>
        <sha512>e2792e17b132aad77f7c0b9fd26faf415e9437923d9227a9e6d253554e6843d29a6ddad0a7fb5e9aea4a130fd4c521e6ece8844fd4a4f9e8d580348775425389</sha512>
        <archiveName>google-cloud-sdk-347.0.0-windows-x86_64-bundled-python.zip</archiveName>
    </tool>
    <tool name="gsutil" os="osx">
        <version>4.65</version>
        <exeRelativePath>gsutil/gsutil</exeRelativePath>
        <url>https://storage.googleapis.com/pub/gsutil_4.65.tar.gz</url>
        <sha512>2c5c9dea48147f97180a491bbb9e24e8cbcd4f3452620e2f80338b781e4dfc90bb754e3bbfa05e1b990e44bff52d990d8c2dd51bc83d112339d8e6096a2f21c8</sha512>
        <archiveName>gsutil_4.65.tar.gz</archiveName>
    </tool>
    <tool name="gsutil" os="linux">
        <version>4.65</version>
        <exeRelativePath>gsutil/gsutil</exeRelativePath>
        <url>https://storage.googleapis.com/pub/gsutil_4.65.tar.gz</url>
        <sha512>2c5c9dea48147f97180a491bbb9e24e8cbcd4f3452620e2f80338b781e4dfc90bb754e3bbfa05e1b990e44bff52d990d8c2dd51bc83d112339d8e6096a2f21c8</sha512>
        <archiveName>gsutil_4.65.tar.gz</archiveName>
    </tool>
    <tool name="vswhere" os="windows">
        <version>2.8.4</version>
        <exeRelativePath>vswhere.exe</exeRelativePath>
        <url>https://github.com/Microsoft/vswhere/releases/download/2.8.4/vswhere.exe</url>
        <sha512>1a98beebd1bb6929cbe98b86a3b77fb1ae4508b86cdcb64696b20c3a3336a2b5c8518e19a21092f1c98a46202c048dba819dc52bef122485ac34b888b77e59b2</sha512>
    </tool>
    <tool name="nuget" os="windows">
        <version>6.2.1</version>
        <exeRelativePath>nuget.exe</exeRelativePath>
        <url>https://dist.nuget.org/win-x86-commandline/v6.2.1/nuget.exe</url>
        <sha512>dbb8c13d93a8c0071f45b1fe733ee7a888078dcec5bbcb4dfb49ab8c3970c7513f608bd3bc80b0bfb4764a505ea017cac2ead3656e1a5aa7f3a770c8e3e35825</sha512>
    </tool>
    <tool name="nuget" os="linux">
        <version>6.2.1</version>
        <exeRelativePath>nuget.exe</exeRelativePath>
        <url>https://dist.nuget.org/win-x86-commandline/v6.2.1/nuget.exe</url>
        <sha512>dbb8c13d93a8c0071f45b1fe733ee7a888078dcec5bbcb4dfb49ab8c3970c7513f608bd3bc80b0bfb4764a505ea017cac2ead3656e1a5aa7f3a770c8e3e35825</sha512>
    </tool>
    <tool name="nuget" os="osx">
        <version>6.2.1</version>
        <exeRelativePath>nuget.exe</exeRelativePath>
        <url>https://dist.nuget.org/win-x86-commandline/v6.2.1/nuget.exe</url>
        <sha512>dbb8c13d93a8c0071f45b1fe733ee7a888078dcec5bbcb4dfb49ab8c3970c7513f608bd3bc80b0bfb4764a505ea017cac2ead3656e1a5aa7f3a770c8e3e35825</sha512>
    </tool>
    <tool name="coscli" os="windows">
        <version>0.11.0</version>
        <exeRelativePath>coscli-windows.exe</exeRelativePath>
        <url>https://github.com/tencentyun/coscli/releases/download/v0.11.0-beta/coscli-windows.exe</url>
        <sha512>38a521ec80cdb6944124f4233d7e71eed8cc9f9be2c0c736269915d21c3718ea8131e4516bb6eeada6df331f5fa8f47a299907e50ee9edbe0114444520974d06</sha512>
    </tool>
    <tool name="coscli" os="linux">
        <version>0.11.0</version>
        <exeRelativePath>coscli-linux</exeRelativePath>
        <url>https://github.com/tencentyun/coscli/releases/download/v0.11.0-beta/coscli-linux</url>
        <sha512>9c930a1d308e9581a0e2fdfe3751ea7fe13d6068df90ca6465740ec3eda034202ef71ec54c99e90015ff81aa68aa1489567db5e411e222eb7258704bdac7e924</sha512>
    </tool>
    <tool name="coscli" os="osx">
        <version>0.11.0</version>
        <exeRelativePath>coscli-mac</exeRelativePath>
        <url>https://github.com/tencentyun/coscli/releases/download/v0.11.0-beta/coscli-mac</url>
        <sha512>9556335bfc8bc14bace6dfced45fa77fb07c80f08aa975e047a54efda1d19852aae0ea68a5bc7f04fbd88e3edce5a73512a61216b1c5ff4cade224de4a9ab8db</sha512>
    </tool>
    <tool name="installerbase" os="windows">
        <version>4.4.0</version>
        <exeRelativePath>QtInstallerFramework-win-x86\bin\installerbase.exe</exeRelativePath>
        <url>https://download.qt.io/official_releases/qt-installer-framework/4.4.0/installer-framework-opensource-src-4.4.0.zip</url>
        <sha512>fc713f54bfe2781cb232cd0ae8eddb96833ec178d53a55ec0b01886aa048b13441eb49a1f33282e8eab7259cfe512c890d50b8e632d3dbf501a0bf1fd83de947</sha512>
        <archiveName>installer-framework-opensource-src-4.4.0.zip</archiveName>
    </tool>
    <tool name="7zip_msi" os="windows">
        <version>21.07</version>
        <exeRelativePath>Files\7-Zip\7z.exe</exeRelativePath>
        <url>https://www.7-zip.org/a/7z2107-x64.msi</url>
        <sha512>d55b44f1255d1b0e629719383a600a7e83dc6378d470096337b886ce24684d26bcc2b04f9cea39ad888179edce23ad2bd0e8e1863ddc40106c176adece8c012d</sha512>
        <archiveName>7z2107-x64.msi</archiveName>
    </tool>
    <tool name="7zip" os="windows">
        <version>21.07</version>
        <exeRelativePath>7za.exe</exeRelativePath>
        <url>https://www.7-zip.org/a/7z2107-extra.7z</url>
        <sha512>648d894940bcc29951752d7a8fd18c770ee8d4fd944e17f1a52588e51ca8f58375ba48514538f2e1387786fd812bb86f75fd6bdd0892685cdcafb2989942c848</sha512>
        <archiveName>7z2107-extra.7z</archiveName>
     </tool>
    <tool name="aria2" os="windows">
        <version>1.35.0</version>
        <exeRelativePath>aria2-1.35.0-win-32bit-build1\aria2c.exe</exeRelativePath>
        <url>https://github.com/aria2/aria2/releases/download/release-1.35.0/aria2-1.35.0-win-32bit-build1.zip</url>
        <sha512>933537cad820b1cecf43a9eeca7e1b241dd7b1c902ee942441a166f2c38845f16046321efbdfa2f83c7e9fc50c7ecc5da6fd00e0c6e2124c07d3b783aa5092a4</sha512>
        <archiveName>aria2-1.35.0-win-32bit-build1.zip</archiveName>
    </tool>
    <tool name="aria2" os="osx">
        <version>1.35.0</version>
        <exeRelativePath>aria2-1.35.0/bin/aria2c</exeRelativePath>
        <url>https://github.com/aria2/aria2/releases/download/release-1.35.0/aria2-1.35.0-osx-darwin.tar.bz2</url>
        <sha512>3bb32b7d55347d1af37c6f4ebf0e20b38ce51c37a1baf92f7ad1762000539a03413dd679a6d902fdb1805fa71917300c9692aceee012eb06ecdff10491137aec</sha512>
        <archiveName>aria2-1.35.0-osx-darwin.tar.bz2</archiveName>
    </tool>
    <tool name="ninja" os="windows">
        <version>1.10.2</version>
        <exeRelativePath>ninja.exe</exeRelativePath>
        <url>https://github.com/ninja-build/ninja/releases/download/v1.10.2/ninja-win.zip</url>
        <sha512>6004140d92e86afbb17b49c49037ccd0786ce238f340f7d0e62b4b0c29ed0d6ad0bab11feda2094ae849c387d70d63504393714ed0a1f4d3a1f155af7a4f1ba3</sha512>
        <archiveName>ninja-win-1.10.2.zip</archiveName>
    </tool>
    <tool name="ninja" os="linux">
        <version>1.10.2</version>
        <exeRelativePath>ninja</exeRelativePath>
        <url>https://github.com/ninja-build/ninja/releases/download/v1.10.2/ninja-linux.zip</url>
        <sha512>93e802e9c17fb59636cddde4bad1ddaadad624f4ecfee00d5c78790330a4e9d433180e795718cda27da57215ce643c3929cf72c85337ee019d868c56f2deeef3</sha512>
        <archiveName>ninja-linux-1.10.2.zip</archiveName>
    </tool>
    <tool name="ninja" os="osx">
        <version>1.10.2</version>
        <exeRelativePath>ninja</exeRelativePath>
        <url>https://github.com/ninja-build/ninja/releases/download/v1.10.2/ninja-mac.zip</url>
        <sha512>bcd12f6a3337591306d1b99a7a25a6933779ba68db79f17c1d3087d7b6308d245daac08df99087ff6be8dc7dd0dcdbb3a50839a144745fa719502b3a7a07260b</sha512>
        <archiveName>ninja-mac-1.10.2.zip</archiveName>
    </tool>
    <tool name="ninja" os="freebsd">
        <version>1.8.2</version>
        <exeRelativePath>ninja</exeRelativePath>
        <url>https://github.com/ivysnow/ninja/releases/download/v1.8.2/ninja-freebsd.zip</url>
        <sha512>56a55ae9a6b5dfad4f28f9fe9b8114f1475c999d2f07fff7efa7375f987e74b498e9b63c41fc6c577756f15f3a1459c6d5d367902de3bedebdf9a9fd49089a86</sha512>
        <archiveName>ninja-freebsd-1.8.2.zip</archiveName>
    </tool>
    <tool name="powershell-core" os="windows">
        <version>7.2.11</version>
        <exeRelativePath>pwsh.exe</exeRelativePath>
        <url>https://github.com/PowerShell/PowerShell/releases/download/v7.2.11/PowerShell-7.2.11-win-x86.zip</url>
        <sha512>e9581122101ad161ad628a6feb63e61d3ef8f064a3f325465e8a1a4a6cfc1affbc9bf63146efae0aa65ff9ea5c93018af2c413dc0940f0d162edef805659ec84</sha512>
        <archiveName>PowerShell-7.2.11-win-x86.zip</archiveName>
    </tool>
    <tool name="node" os="windows">
        <version>16.15.1</version>
        <exeRelativePath>node-v16.15.1-win-x64\node.exe</exeRelativePath>
        <url>https://nodejs.org/dist/v16.15.1/node-v16.15.1-win-x64.7z</url>
        <sha512>7ec4bfe2ea6034e1461e306b6372d62c0c5d1060c453ba76a73a5cec38ac26b5952a744caa9071455329caa58eb0a96d26c68854c8915c17610ff27b0cf2c1cf</sha512>
        <archiveName>node-v16.15.1-win-x64.7z</archiveName>
    </tool>
    <tool name="node" os="linux">
        <version>16.15.1</version>
        <exeRelativePath>node-v16.15.1-linux-x64/bin/node</exeRelativePath>
        <url>https://nodejs.org/dist/v16.15.1/node-v16.15.1-linux-x64.tar.gz</url>
        <sha512>5ad3b4b9caeaa8d31503efa99f5a593118a267dec9d4181d019732126ba248ce9a901207115b3f6b899eb5b3f0373c7f77ea95cc92ac625cddf437ee9b8b8919</sha512>
        <archiveName>node-v16.15.1-linux-x64.tar.gz</archiveName>
    </tool>
    <tool name="node" os="osx">
        <version>16.15.1</version>
        <exeRelativePath>node-v16.15.1-darwin-x64/bin/node</exeRelativePath>
        <url>https://nodejs.org/dist/v16.15.1/node-v16.15.1-darwin-x64.tar.gz</url>
        <sha512>90d0612bbe5467b6cf385c91a68b8daad0057e3e0ccacea44567f5b95b14f7481cb79784185ab1463b4bd990e092ff0f9109576d1a1934b84e1c816582929611</sha512>
        <archiveName>node-v16.15.1-darwin-x64.tar.gz</archiveName>
    </tool>
</tools>
