{
  "versions": [
    {
      "git-tree": "be98decc778a823aedeec9c8c74ff6a3398f7642",
      "version-date": "2019-08-30",
      "port-version": 6
    },
    {
      "git-tree": "6ea125c3f4f9b665a744cd0738c8a11837106f05",
      "version-date": "2019-08-30",
      "port-version": 5
    },
    {
      "git-tree": "016ef1232ccb3f452530283711be418b33c28e17",
      "version-string": "2019-8-30",
      "port-version": 4
    },
    {
      "git-tree": "9d02e60630da5a385a4f9fbdea0f0fcffae78ff9",
      "version-string": "2019-8-30-3",
      "port-version": 0
    },
    {
      "git-tree": "71fc878e561b3b7473846d963d36d011f54aeaf2",
      "version-string": "2019-8-30-1",
      "port-version": 0
    },
    {
      "git-tree": "1d032662dfcd6b8ea73f27ebd3e8204aa912b8ae",
      "version-string": "2019-8-30",
      "port-version": 0
    },
    {
      "git-tree": "d3e0874057ad73536696bb985d6a799eb27bb4d2",
      "version-string": "master",
      "port-version": 0
    }
  ]
}
