{
  "versions": [
    {
      "git-tree": "90dbaf4276576bc0ae73f4af33109639f01d698a",
      "version": "4.3.10",
      "port-version": 1
    },
    {
      "git-tree": "36edb6691f30882941ba28ae9fce39e251398466",
      "version": "4.3.10",
      "port-version": 0
    },
    {
      "git-tree": "9c21c0e4b95602fd614f1ab27de25b1f3068472a",
      "version": "4.3.9",
      "port-version": 0
    },
    {
      "git-tree": "6353026a82baa4c84cc43554b4f518b8dbf79794",
      "version": "4.3.7",
      "port-version": 0
    },
    {
      "git-tree": "b2078ee30dd4414efb21ecb3fe7c54efa854bc95",
      "version": "4.3.6",
      "port-version": 0
    },
    {
      "git-tree": "d7dea56e415792e4f5c3a2b80ba3731a2955fbf2",
      "version-string": "4.3.0",
      "port-version": 1
    },
    {
      "git-tree": "92e0f95608004b243767ee74382095a2a087da58",
      "version-string": "4.3.0",
      "port-version": 0
    },
    {
      "git-tree": "897cb151ed0a20d6d392d7109c9b37200a47adf7",
      "version-string": "4.0.0",
      "port-version": 0
    }
  ]
}
