{
  "versions": [
    {
      "git-tree": "2d17052df3479de37b4c756f4e90661c9fa85e7d",
      "version": "4.8.1",
      "port-version": 3
    },
    {
      "git-tree": "f4d487e2f7e093b2406887023bb3a0856735bad5",
      "version": "4.8.1",
      "port-version": 2
    },
    {
      "git-tree": "9d8a0a97fd75563172e3f1947608db3802c3b84a",
      "version": "4.8.1",
      "port-version": 1
    },
    {
      "git-tree": "7e6529a5673ac8494b62443a9fab590ce6810826",
      "version": "4.8.1",
      "port-version": 0
    },
    {
      "git-tree": "6af71c6bbdb51d1cbbade70010ccf9c628938ac2",
      "version": "4.7.4",
      "port-version": 4
    },
    {
      "git-tree": "069ccb40f8ce75d6ec88b8fe31966c11fcf6906b",
      "version-string": "4.7.4",
      "port-version": 3
    },
    {
      "git-tree": "aa42781f00db0c2de52798f0345801b667977c79",
      "version-string": "4.7.4",
      "port-version": 2
    },
    {
      "git-tree": "725a87fc08fed5789a9a4a3308b2a80f4906a400",
      "version-string": "4.7.4",
      "port-version": 1
    },
    {
      "git-tree": "0355e5b36c74e347af5508261ab371ac2880fbd4",
      "version-string": "4.7.4",
      "port-version": 0
    },
    {
      "git-tree": "fd30ba70e0dc6309ad9637689e07094f30d54a8c",
      "version-string": "4.7.3",
      "port-version": 4
    },
    {
      "git-tree": "0b90bdfb0ba48ae59c3e945c5a717030505d8f27",
      "version-string": "4.7.3",
      "port-version": 3
    },
    {
      "git-tree": "1472b0b2292dbaa471a1e82b015a839358602d33",
      "version-string": "4.7.3",
      "port-version": 2
    },
    {
      "git-tree": "c5e831c751d8652f07275083874d181f0c057b10",
      "version-string": "4.7.3-1",
      "port-version": 0
    },
    {
      "git-tree": "1c02bd4421a4ebfb7a1d0222144b3cca96d567e1",
      "version-string": "4.7.3",
      "port-version": 0
    },
    {
      "git-tree": "8f26c247a16aa9457a4d83affc46d62619c184a8",
      "version-string": "4.7.0-5",
      "port-version": 0
    },
    {
      "git-tree": "428a9d29f9d11a5ccf9582279993c9d2e41225c2",
      "version-string": "4.7.0-4",
      "port-version": 0
    },
    {
      "git-tree": "c08bb06832202d095ed21a34ea0bce6277b766f1",
      "version-string": "4.7.0-3",
      "port-version": 0
    },
    {
      "git-tree": "5730f0a7087dc8bd8d946ed91280390218876a9f",
      "version-string": "4.7.0-2",
      "port-version": 0
    },
    {
      "git-tree": "6512e94aab0f062bb9db970d305d91530fff5fc2",
      "version-string": "4.7.0-1",
      "port-version": 0
    },
    {
      "git-tree": "82051b8ae0377af6fa6e8f4529ade1db3afe8574",
      "version-string": "4.7.0",
      "port-version": 0
    },
    {
      "git-tree": "445a1668da32bbc514aa12d2d6e6943e47832c11",
      "version-string": "4.6.2-1",
      "port-version": 0
    },
    {
      "git-tree": "03ef1a7242e85015e484f7e8a975ae666f4de7e5",
      "version-string": "4.6.2",
      "port-version": 0
    },
    {
      "git-tree": "71b146b9d4cea7ec41786ddbeb3a4164f349ec47",
      "version-string": "4.4.1.1-2",
      "port-version": 0
    },
    {
      "git-tree": "92fdfc7949185eac43f5d95c0b4b914a95491667",
      "version-string": "4.4.1.1-1",
      "port-version": 0
    },
    {
      "git-tree": "c3cb5b4354b9057f1e7378792c4f666830de3c12",
      "version-string": "4.4.1.1",
      "port-version": 0
    }
  ]
}
