{
  "versions": [
    {
      "git-tree": "868b3e41f403af9da33191e05418e37f71a46c30",
      "version": "0.12.0",
      "port-version": 0
    },
    {
      "git-tree": "8139cb08a1dea31b13af01d3027129cf7874acab",
      "version": "0.11.0",
      "port-version": 0
    },
    {
      "git-tree": "b490beccb519c1faa3bfbfae0bb6e8e873aed843",
      "version": "0.10.0",
      "port-version": 0
    },
    {
      "git-tree": "bb3cac335e3b52e2a03a49a48173b085541c4341",
      "version": "0.9.0",
      "port-version": 0
    },
    {
      "git-tree": "93b4b1578b77aedd89226d88b25641f85609aebc",
      "version": "0.8.0",
      "port-version": 0
    },
    {
      "git-tree": "4bffdd88b1fceb27e8af54b018033162eb42ff8f",
      "version": "0.7.1",
      "port-version": 0
    },
    {
      "git-tree": "cf61122128fd277764b9319577d2ed3636c1d0d0",
      "version": "0.7.0",
      "port-version": 1
    },
    {
      "git-tree": "f71e5ffcb5802adeb997b151ea1277662ff9b03f",
      "version": "0.7.0",
      "port-version": 0
    }
  ]
}
