{
  "versions": [
    {
      "git-tree": "d889870db5d6d2e5afc8e738c6f6451c7d237a4c",
      "version-date": "2020-04-30",
      "port-version": 4
    },
    {
      "git-tree": "3c571b3db6efc2e8065ba99424995e6d720a444f",
      "version-date": "2020-04-30",
      "port-version": 3
    },
    {
      "git-tree": "bee84e9bdd74b5b80c68eb3c8933a86a51b37915",
      "version-date": "2020-04-30",
      "port-version": 2
    },
    {
      "git-tree": "e27d9a2c6e8d4b8b00fc3d1adb0f54f06fa5adee",
      "version-string": "2020-04-30",
      "port-version": 1
    },
    {
      "git-tree": "28adfbbaaf62ef125a255045592cd935532a6e2d",
      "version-string": "2020-04-30",
      "port-version": 0
    }
  ]
}
