{
  "versions": [
    {
      "git-tree": "e61e4c2585eb86f360f925d8c522c5d6764fc6a6",
      "version": "1.3.0",
      "port-version": 3
    },
    {
      "git-tree": "753d69bc50dbc03626d362d132de28e4f8079b19",
      "version-string": "1.3.0",
      "port-version": 2
    },
    {
      "git-tree": "810ec96450510773b75e29d42eb11792651b3e44",
      "version-string": "1.3.0",
      "port-version": 1
    },
    {
      "git-tree": "492c863329effc469c9ac7cf6d5c18b6e968df94",
      "version-string": "1.3.0",
      "port-version": 0
    },
    {
      "git-tree": "2da92692430648375467940568b83a2b6e5f80d8",
      "version-string": "1.2.4",
      "port-version": 0
    },
    {
      "git-tree": "7a0d68d88f3e9b3a052c5dc9105179b46d453c65",
      "version-string": "2019-07-25",
      "port-version": 0
    }
  ]
}
