{
  "versions": [
    {
      "git-tree": "38b7d6feca43ff05b6a059aae8ce218fa382853e",
      "version": "2.0.14",
      "port-version": 1
    },
    {
      "git-tree": "58815aa974d9ab14d768576ade86c2e3b43d20a3",
      "version": "2.0.14",
      "port-version": 0
    },
    {
      "git-tree": "7b58d763ea0a2c64e755c647c115d6e63ea44617",
      "version-string": "2.0.12",
      "port-version": 1
    },
    {
      "git-tree": "3539b8994b1dd0a661ed4a7fa69ef53feb4a1a58",
      "version-string": "2.0.12",
      "port-version": 0
    }
  ]
}
