{
  "versions": [
    {
      "git-tree": "5239abd7c41aedf5fe2f2e00e0f781824a442e75",
      "version-string": "1767ab87cffe",
      "port-version": 3
    },
    {
      "git-tree": "1d75f114575faaf58492d7eca28e5caa3768811a",
      "version-string": "1767ab87cffe",
      "port-version": 2
    },
    {
      "git-tree": "b54d1af1ee2c42b0b298fa3d40c7e283b3da015c",
      "version-string": "1767ab87cffe-1",
      "port-version": 0
    },
    {
      "git-tree": "3e3ba2742cbbf9670330537de59a170c93dc43c0",
      "version-string": "1767ab87cffe",
      "port-version": 0
    }
  ]
}
