{
  "versions": [
    {
      "git-tree": "9e44b0c459e2d1d35a587de3b8126794d57c7f8c",
      "version": "2.1.0",
      "port-version": 0
    },
    {
      "git-tree": "1dbcb0119d811c5e0ef7e36d5ee456396ac3c10a",
      "version": "1.22.0",
      "port-version": 0
    },
    {
      "git-tree": "7f3b69090a3dce2e274e137efce5c2fb859d25ef",
      "version": "1.19.0",
      "port-version": 0
    },
    {
      "git-tree": "5a7d6da55d37d2e7415aa8841b06660213e54743",
      "version-string": "1.17.0",
      "port-version": 1
    },
    {
      "git-tree": "6ddb720c8221d354fd5ca2b18617758033459a69",
      "version-string": "1.17.0",
      "port-version": 0
    },
    {
      "git-tree": "b640578906e46407df50c501573ceb04980d6dfc",
      "version-string": "1.12.0",
      "port-version": 0
    }
  ]
}
