{
  "versions": [
    {
      "git-tree": "a78e582f830db392c8d551f3008a5977dad45692",
      "version": "1.18",
      "port-version": 1
    },
    {
      "git-tree": "e6b418fe87e9affcbb4605d4aeb10e5e6883b239",
      "version-string": "1.18",
      "port-version": 0
    },
    {
      "git-tree": "0279d4ae637ef0b7380ad1193282a5f76b4d27f3",
      "version-string": "1.16",
      "port-version": 2
    },
    {
      "git-tree": "9a7b8c44bcd4ee8396edbb03495d998169d4f292",
      "version-string": "1.16",
      "port-version": 1
    },
    {
      "git-tree": "c012da22fcf945d11b7257267dc4f3bac624559b",
      "version-string": "1.16",
      "port-version": 0
    },
    {
      "git-tree": "28fac5873c038e12018866b22733778e55d8c9ad",
      "version-string": "1.12",
      "port-version": 0
    }
  ]
}
