{
  "versions": [
    {
      "git-tree": "bb4e35f532b95841344719e4ab90027a2796d5d4",
      "version-date": "2016-06-26",
      "port-version": 4
    },
    {
      "git-tree": "a87ff3bcc7e455cf7b73ca36ff4e7ac0c54faba1",
      "version-string": "2016-06-26-0850d88fa6",
      "port-version": 3
    },
    {
      "git-tree": "1c24f08a86eef969a65c6acdd123edfe704c4c0c",
      "version-string": "2016-06-26-0850d88fa6",
      "port-version": 2
    },
    {
      "git-tree": "a0053afe91272f44589a53a866a3bc766d9e9d09",
      "version-string": "2016-06-26-0850d88fa6-1",
      "port-version": 0
    },
    {
      "git-tree": "b786b6ee7391af2848f90d2e55b05df6c27f385b",
      "version-string": "2016-06-26-0850d88fa6",
      "port-version": 0
    }
  ]
}
