{
  "versions": [
    {
      "git-tree": "d9531dd561af13a58e38e173002e599c7ad1182f",
      "version-date": "2023-03-01",
      "port-version": 1
    },
    {
      "git-tree": "77fecec712c29a857b7036d0ccc817488df868ea",
      "version-date": "2023-03-01",
      "port-version": 0
    },
    {
      "git-tree": "20d76f8fd2bb7b07fa76370b7198e0ce8f7b316b",
      "version-date": "2022-03-01",
      "port-version": 0
    },
    {
      "git-tree": "5d5118c4217f6ec298f348d694eb02b00558ef07",
      "version-date": "2022-12-16",
      "port-version": 0
    },
    {
      "git-tree": "3a28201604813ea41d43456d40bdbea61af0db69",
      "version-date": "2022-07-18",
      "port-version": 0
    },
    {
      "git-tree": "6f2dfd1c848d67e0f36d83b8a6e7078b96d82df1",
      "version-date": "2021-12-08",
      "port-version": 0
    }
  ]
}
