{
  "versions": [
    {
      "git-tree": "ecd21e108091a293a27869c9c093ad558ffcdc42",
      "version-date": "2022-12-12",
      "port-version": 0
    },
    {
      "git-tree": "383135431007008f6d04e2cfbe55988b06054f15",
      "version-date": "2022-05-18",
      "port-version": 0
    },
    {
      "git-tree": "ebf69755284c5ea16a26b4dbfa4534af962c96a0",
      "version-date": "2022-01-18",
      "port-version": 0
    },
    {
      "git-tree": "d02145b6ed0cbe882bfb75291f832a11ab0582ce",
      "version-string": "jan2021",
      "port-version": 1
    },
    {
      "git-tree": "381e0fc938992c45b9c2000e25bb4265f408ee27",
      "version-string": "jan2021",
      "port-version": 0
    },
    {
      "git-tree": "764e3d177617a6dc0dec55415f7ae1828a40f5a7",
      "version-string": "dec2020b",
      "port-version": 0
    },
    {
      "git-tree": "930a5068c034a9f40f92b7986696bebfed42ca75",
      "version-string": "3.1.6",
      "port-version": 0
    }
  ]
}
