{
  "versions": [
    {
      "git-tree": "10f6ac11c6480f52d70ff2725cf34fd39b942376",
      "version-string": "jun10",
      "port-version": 7
    },
    {
      "git-tree": "d39d11be448d2aae6541b902b33dcf23282250f2",
      "version-string": "jun10",
      "port-version": 6
    },
    {
      "git-tree": "8bed733174eb790455d8da61a3df3d89a631365d",
      "version-string": "jun10",
      "port-version": 5
    },
    {
      "git-tree": "440a5b43febdcc709d9ae1d768371c0b184ca92e",
      "version-string": "jun10",
      "port-version": 4
    },
    {
      "git-tree": "49dc911dc7c69f6e0eee0279afcf53187d547ae5",
      "version-string": "jun10",
      "port-version": 3
    },
    {
      "git-tree": "1bc75766eb1ace518c8c85f8ffda0c627d714edd",
      "version-string": "jun10",
      "port-version": 2
    },
    {
      "git-tree": "7656b85e1c390a41e14d9e5b96b1b0f093c1d1f1",
      "version-string": "jun10",
      "port-version": 1
    },
    {
      "git-tree": "dc3241d51d057a92ef8db501c80a749a46ed4461",
      "version-string": "jun10",
      "port-version": 0
    }
  ]
}
