{
  "versions": [
    {
      "git-tree": "b81659584b418c89a25dc9c6e68cb8d7d75fee5f",
      "version": "3.2.1",
      "port-version": 0
    },
    {
      "git-tree": "87af266946b8e9b9f6ed5b439b3af5e185b84766",
      "version": "2.5.6",
      "port-version": 5
    },
    {
      "git-tree": "792eac2fec1f5fbeff9cd819c73a08b8eefabb14",
      "version": "2.5.6",
      "port-version": 4
    },
    {
      "git-tree": "4ddd26248ed26eb2676c96330e8ae5a0c3f82a3d",
      "version": "2.5.6",
      "port-version": 3
    },
    {
      "git-tree": "17cdcbe9e20da2ed085fc2de181ae426d62f2609",
      "version-string": "2.5.6",
      "port-version": 2
    },
    {
      "git-tree": "b3144d3d155b301d8a23508ae75be2f630ede9f0",
      "version-string": "2.5.6-1",
      "port-version": 0
    },
    {
      "git-tree": "edc6272d96fe6c701cc1d5565a654fa99298aed8",
      "version-string": "2.5.6",
      "port-version": 0
    }
  ]
}
