{
  "versions": [
    {
      "git-tree": "2b4bfd32103ed7afb27e12281caf95c81930c955",
      "version-date": "2022-09-26",
      "port-version": 0
    },
    {
      "git-tree": "4fbb06000e3d4c3699920debbc828cc279362d91",
      "version-date": "2022-04-03",
      "port-version": 0
    },
    {
      "git-tree": "80b487d4ce97c60609cdba15430c0d8b34fb6235",
      "version-date": "2021-11-02",
      "port-version": 0
    },
    {
      "git-tree": "f82c3255ba101684781f57429f162b8f8528a972",
      "version-string": "2019-08-12",
      "port-version": 1
    },
    {
      "git-tree": "503bcfa3a091377c8a53f52b12c463a1570b6af6",
      "version-string": "2019-08-12",
      "port-version": 0
    }
  ]
}
