{
  "versions": [
    {
      "git-tree": "bca406e04cfde4f63d430a5f2f10273701747f31",
      "version": "9.29.952.8",
      "port-version": 6
    },
    {
      "git-tree": "b12c3d78e879e1cd9608e02851132ae683bb587e",
      "version": "9.29.952.8",
      "port-version": 5
    },
    {
      "git-tree": "14db52bb5daba8ba8e0a93b0e41ffa676935923a",
      "version": "9.29.952.8",
      "port-version": 4
    },
    {
      "git-tree": "4f9cac012452363e92e36d5978972cee3b9154e5",
      "version": "9.29.952.8",
      "port-version": 3
    },
    {
      "git-tree": "3f16a0560a2beb7205ed033b5ac2e5d5d2223161",
      "version": "9.29.952.8",
      "port-version": 2
    },
    {
      "git-tree": "81aeb21cd027336b00f758ece5371f0c4930be2e",
      "version": "9.29.952.8",
      "port-version": 1
    },
    {
      "git-tree": "38ff04dcf269c835a7f5c03d50a1a457350bde49",
      "version": "9.29.952.8",
      "port-version": 0
    }
  ]
}
