{
  "versions": [
    {
      "git-tree": "99828f36e20657952b4574a84c4281f684a0afeb",
      "version": "1.2.0",
      "port-version": 1
    },
    {
      "git-tree": "4e65bffccaa1a5061002c38b7bdf6a0e464caf39",
      "version": "1.2.0",
      "port-version": 0
    },
    {
      "git-tree": "8554ae7ec807245bdcd27b44ddebd39608edfe53",
      "version-date": "2021-04-11",
      "port-version": 6
    },
    {
      "git-tree": "e0496a49614d3fc1f77f20f230b3168720140c3b",
      "version-date": "2021-04-11",
      "port-version": 5
    },
    {
      "git-tree": "ee89d0f23b11e362fb9e65670377c47b35ffea6c",
      "version-date": "2021-04-11",
      "port-version": 4
    },
    {
      "git-tree": "e60b72bfb17b3263a7ee1e056af221991f5c7d69",
      "version-date": "2021-04-11",
      "port-version": 3
    },
    {
      "git-tree": "6b6b0deac894d376c04b11f3f01a26952b97b0b1",
      "version-date": "2021-04-11",
      "port-version": 2
    },
    {
      "git-tree": "1daed23f0dc56cccb47adb60cee246cac3d8cdbd",
      "version-date": "2021-04-11",
      "port-version": 1
    },
    {
      "git-tree": "e4cf18b9e9c16d294f966bae3d1d89ecd698a47f",
      "version-date": "2021-04-11",
      "port-version": 0
    }
  ]
}
