{
  "versions": [
    {
      "git-tree": "0c6bcc87e2a8548708c11f3e7c3148f1004d3146",
      "version": "0.1.1",
      "port-version": 1
    },
    {
      "git-tree": "8442cf19a35307cd48476abbf05e85194509c7a2",
      "version": "0.1.1",
      "port-version": 0
    },
    {
      "git-tree": "e406e5f0c1d14b66ad6e58c91d122ca0d01df04c",
      "version": "0.1.0",
      "port-version": 0
    },
    {
      "git-tree": "0b0fe1b9353fd016b3f2e3212ae30a7a82b71ceb",
      "version-date": "2022-01-03",
      "port-version": 0
    }
  ]
}
