{
  "versions": [
    {
      "git-tree": "1e55bf50acfd71d5f37f98bee270ff687f65219f",
      "version": "4.0.0",
      "port-version": 1
    },
    {
      "git-tree": "f9a2226720f5e72647d6b0399f9c0bd5baf8f9b9",
      "version": "4.0.0",
      "port-version": 0
    },
    {
      "git-tree": "e97e41aa57defe3c82bebab5941a4e4320f5a704",
      "version": "3.0.7",
      "port-version": 0
    },
    {
      "git-tree": "36ef459c57047fcfc0ddbfc97d7360d7307acb24",
      "version": "3.0.5",
      "port-version": 0
    },
    {
      "git-tree": "4a8de7f8609b758c48eea13b67d47c22efc832a3",
      "version": "3.0.2",
      "port-version": 1
    },
    {
      "git-tree": "9c49a3f4d6bb3e5173cf17e1539b439dcf4bf6ea",
      "version": "3.0.2",
      "port-version": 0
    },
    {
      "git-tree": "c3f833fb14771ffd8f32496aa12035c86ab1cb9a",
      "version": "3.0.1",
      "port-version": 1
    },
    {
      "git-tree": "0512bceae574c70ea907a8ebfc88709dc196164e",
      "version": "3.0.1",
      "port-version": 0
    }
  ]
}
