{
  "versions": [
    {
      "git-tree": "b3a4cd845b217a94361bc21770a315dfcdec91b3",
      "version": "10.0.1",
      "port-version": 5
    },
    {
      "git-tree": "41137f783f7948b1623b67b9fd96005fe2582e5a",
      "version-string": "10.0.1",
      "port-version": 4
    },
    {
      "git-tree": "c1f77392ef5dd2171f4125afd48a6bf9a69e4983",
      "version-string": "10.0.1",
      "port-version": 3
    },
    {
      "git-tree": "14e23eda28b53d1891f92cc006744ca67ee0c4fe",
      "version-string": "10.0.1-2",
      "port-version": 0
    },
    {
      "git-tree": "8b36589888a73ea7f3228002fe2c1e4a44533b07",
      "version-string": "10.0.1-1",
      "port-version": 0
    },
    {
      "git-tree": "91d33876d1c8955b42c8bbe5ea5ce47624f761c9",
      "version-string": "10.0.1",
      "port-version": 0
    }
  ]
}
