{
  "versions": [
    {
      "git-tree": "85fff47d4ae330fa186b8244975e2a211b12f4da",
      "version": "1.4.0",
      "port-version": 3
    },
    {
      "git-tree": "01299a260338dce6a94d3b82eb8b478859a403b7",
      "version-string": "1.4.0",
      "port-version": 2
    },
    {
      "git-tree": "baf25f3166e04b5ccadd946c9b8d5c93da74b8f0",
      "version-string": "1.4.0",
      "port-version": 1
    },
    {
      "git-tree": "ce9cbdb149d5767262e26b62fbb9819a6459718f",
      "version-string": "1.4.0",
      "port-version": 0
    },
    {
      "git-tree": "17b8782949b828923f03a6e6c93f68b3cc6a7e21",
      "version-string": "1.3.0",
      "port-version": 0
    }
  ]
}
