{
  "versions": [
    {
      "git-tree": "9191f07cfaade82121abb4d37cb652182c0e55f6",
      "version-date": "2022-03-02",
      "port-version": 1
    },
    {
      "git-tree": "5358d4a724061eab499969ae3b56f8abbdea3347",
      "version-date": "2022-03-02",
      "port-version": 0
    },
    {
      "git-tree": "8aabcec72d2006d0a338159fac489aae1da57220",
      "version": "3.0.0",
      "port-version": 11
    },
    {
      "git-tree": "6d62b01b328d3537a808a6b68cdecaa44ea0d0d7",
      "version-string": "3.0.0",
      "port-version": 10
    },
    {
      "git-tree": "d2935119930a3551330e83b03006fb2e1bb9bf79",
      "version-string": "3.0.0",
      "port-version": 9
    },
    {
      "git-tree": "0b5171be985ebf44fd60062f87c8bbcbefb87341",
      "version-string": "3.0.0-8",
      "port-version": 0
    },
    {
      "git-tree": "67369fe2d8b80b1181fc85919b6ca701c0f95814",
      "version-string": "3.0.0-7",
      "port-version": 0
    },
    {
      "git-tree": "e803d79296062df889f1347ad0f5cb8d8755dea2",
      "version-string": "3.0.0-6",
      "port-version": 0
    },
    {
      "git-tree": "92dd4a70047aa0d4070b3e114f8357b961dc769f",
      "version-string": "3.0.0-5",
      "port-version": 0
    },
    {
      "git-tree": "b73bc9ae2196c4288e63af086c6567f706539f04",
      "version-string": "3.0.0-4",
      "port-version": 0
    },
    {
      "git-tree": "ed60e7bc49d79da7c279a9fc6a2699ee4aaada03",
      "version-string": "3.0.0-3",
      "port-version": 0
    },
    {
      "git-tree": "e1602241a3dd8a53f561b850338744f2bc77f04d",
      "version-string": "3.0.0-2",
      "port-version": 0
    },
    {
      "git-tree": "ac492c30197eee13be6412686e6e301b2a61e349",
      "version-string": "3.0.0-1",
      "port-version": 0
    },
    {
      "git-tree": "b82fb3c0bb99b7eb487a7b6ec58f50d3dadde272",
      "version-string": "2.7.2-1",
      "port-version": 0
    },
    {
      "git-tree": "f7f74dfba526b978eb012352d096a5531043414b",
      "version-string": "2.7.2",
      "port-version": 0
    }
  ]
}
