{
  "versions": [
    {
      "git-tree": "7fd6a2ea2fbded3b2e1de5e98ee81b59beaa14d4",
      "version-string": "alias",
      "port-version": 1
    },
    {
      "git-tree": "ca605f2187feef6d74eabacbdf7e83216b4241e5",
      "version-string": "alias",
      "port-version": 0
    },
    {
      "git-tree": "8610eb82f35617b9df9fe3a520dba4b18bdf1c6d",
      "version-string": "2018-04-18-2",
      "port-version": 0
    },
    {
      "git-tree": "ef73a5c4513b200bcd4c5d2f7564b15042c892f7",
      "version-string": "2018-04-18-1",
      "port-version": 0
    },
    {
      "git-tree": "c66278e6e9f1e2e1900d6a784460203d5f9367dd",
      "version-string": "2018-04-18",
      "port-version": 0
    }
  ]
}
