{
  "versions": [
    {
      "git-tree": "d905b3126db7f555eba6a3a02598e0b3b6a97492",
      "version-date": "2019-04-06",
      "port-version": 5
    },
    {
      "git-tree": "37416e6f9f63789221184c07fd4e040d4d8646a2",
      "version-string": "2019-04-06",
      "port-version": 4
    },
    {
      "git-tree": "f6489068c02b6a87d45ab01592ef733e22904bd7",
      "version-string": "2019-04-06",
      "port-version": 3
    },
    {
      "git-tree": "e73f59b95da8f7045c775a0fc263c5d2da26b320",
      "version-string": "2019-04-06",
      "port-version": 2
    },
    {
      "git-tree": "45b3a29080b2b88733c00de98297e431917568ab",
      "version-string": "2019-04-06",
      "port-version": 1
    },
    {
      "git-tree": "a9d861f2feec6d07bb449863b6a73d483ad695ca",
      "version-string": "2019-04-06",
      "port-version": 0
    }
  ]
}
