{
  "versions": [
    {
      "git-tree": "e5ec901e9cab9845f18d18276ddea5e4ad5d4538",
      "version-date": "2016-01-09",
      "port-version": 6
    },
    {
      "git-tree": "bbaeb761deb522f06cde0e3efb0610ac3e6afa4d",
      "version-date": "2016-01-09",
      "port-version": 5
    },
    {
      "git-tree": "5c0ccc0561113eac6ab8881d62a94f31a4ab8d70",
      "version-string": "2016-01-09",
      "port-version": 4
    },
    {
      "git-tree": "fb66af217c56447fa8a7d80988f461acafae4dfa",
      "version-string": "2016-01-09-3",
      "port-version": 0
    },
    {
      "git-tree": "715aa14d1544da8ed79381b3139de787edcc4367",
      "version-string": "2016-01-09-2",
      "port-version": 0
    },
    {
      "git-tree": "92cff1a57727a474efdf00a70ccf941a61cdad77",
      "version-string": "2016-01-09",
      "port-version": 0
    }
  ]
}
